id,Category,Non Function Name,Description
NON-001,Performance,Response Time,システムは平均応答時間2秒以内を目標とします。これにより ユーザーの快適な操作体験を確保します。
NON-002,Scalability,User Capacity,システムは同時に1000人以上のユーザーが利用できる設計とします。将来の成長に備え 柔軟にスケールアップ可能な構造を採用します。
NON-003,Availability,System Uptime,システムの稼働率は99.9%以上を目標とします。計画的なメンテナンス時間を除き 24時間365日のサービス提供を実現します。
NON-004,Security,Data Protection,ユーザーの個人情報やトランザクションデータは暗号化して保存します。また アクセス制御を厳格に行い 不正アクセスを防止します。
NON-005,Usability,User Interface,直感的で使いやすいUIを設計し 初めてのユーザーでも容易に操作できるようにします。モバイル端末での利用も考慮したレスポンシブデザインを採用します。
NON-006,Maintainability,Code Quality,保守性の高いコードを書くためのコーディング規約を設定します。また 適切なドキュメンテーションを行い 将来の機能拡張やバグ修正を容易にします。
NON-007,Reliability,Error Handling,システム障害時には適切なエラーメッセージを表示し ユーザーに状況を説明します。また 自動復旧機能を実装し システムの安定性を高めます。
NON-008,Compliance,Data Privacy,個人情報保護法やGDPRなどの関連法規を遵守したシステム設計を行います。ユーザーの同意取得や情報削除要求への対応機能を実装します。
NON-009,Backup,Data Backup,定期的なデータバックアップを実施し データ損失リスクを最小化します。バックアップデータは暗号化し 別の物理的な場所に保管します。
NON-010,Monitoring,System Monitoring,システムの稼働状況やパフォーマンスを常時監視するモニタリング機能を実装します。異常検知時には管理者に自動通知を行います。